CATEGORY_1,CATEGORY_2,CATEGORY_3
Jewelry,Accesories,Jewel extension
Jewelry,Accesories,Earring pressure
Jewelry,Bracelet,Ankle
Jewelry,Bracelet,Bangle
Jewelry,Bracelet,Cuff
Jewelry,Bracelet,Cable Bracelet
Jewelry,Bracelet,Elastic Bracelet
Jewelry,Bracelet,Mesh Bracelet
Jewelry,Bracelet,Cord Bracelet
Jewelry,Bracelet,Hinged
Jewelry,Bracelet,Crossover
Jewelry,Bracelet,Stretchy
Jewelry,Bracelet,Open Bracelet
Jewelry,Bracelet,Statement
Jewelry,Bracelet,Chain Bracelet
Jewelry,Bracelet,Friendship
Jewelry,Bracelet,Slider
Jewelry,Bracelet,Tipped
Jewelry,Bracelet,Link
Jewelry,Bracelet,Identification
Jewelry,Bracelet,Charm
Jewelry,Bracelet,Wrap
Jewelry,Bracelet,Affirmation
Jewelry,Bracelet,Beaded Bracelet
Jewelry,Bracelet,Strands
Jewelry,Bracelet,Tennis / Riviere Bracelet
Jewelry,Bracelet,zÂº
Jewelry,Bracelet,Bolo
Jewelry,Brooches,Brooches
Jewelry,Brooches,Dress-clips
Jewelry,Brooches,Fur-Clips
Jewelry,Brooches,Jewelry-Clips
Jewelry,Earrings,Ball
Jewelry,Earrings,Button
Jewelry,Earrings,Stud
Jewelry,Earrings,Hoop
Jewelry,Earrings,Drop
Jewelry,Earrings,Dangle
Jewelry,Earrings,Cluster
Jewelry,Earrings,Jacket
Jewelry,Earrings,Huggies
Jewelry,Earrings,Chandeliers
Jewelry,Earrings,Tear Drop
Jewelry,Earrings,Barbell
Jewelry,Earrings,Trheader
Jewelry,Earrings,Cuff
Jewelry,Earrings,Chain Earring
Jewelry,Earrings,Bajoran
Jewelry,Earrings,C Hoop
Jewelry,Earrings,Tassel
Jewelry,Earrings,Crawler
Jewelry,Earrings,Cartilage
Jewelry,Earrings,Two-sided
Jewelry,Earrings,Lobe
Jewelry,Earrings,Beaded Earring
Jewelry,Earrings,Charm Earring
Jewelry,Necklace,Chain Necklace
Jewelry,Necklace,Beaded Necklace
Jewelry,Necklace,Riviere Necklace
Jewelry,Necklace,Short Pendant
Jewelry,Necklace,Solitaire Pendant
Jewelry,Necklace,Lariat
Jewelry,Necklace,Strand
Jewelry,Necklace,Thread Necklace
Jewelry,Necklace,Bib Necklace
Jewelry,Necklace,Rosary
Jewelry,Necklace,Twisted Necklace
Jewelry,Necklace,Charm Necklace
Jewelry,Necklace,Long Pendant
Jewelry,Necklace,Locket
Jewelry,Necklace,Lavalier
Jewelry,Necklace,Torque
Jewelry,Necklace,Sautoir
Jewelry,Necklace,Pendant
Jewelry,Necklace,Choker
Jewelry,Pack & Sets,Earring-sets
Jewelry,Pack & Sets,Bracelet-sets
Jewelry,Pack & Sets,Necklace-sets
Jewelry,Pack & Sets,Ring-set
Jewelry,Pendants,Pendant-enhancers
Jewelry,Pendants,Pendant_slides
Jewelry,Rings,Band
Jewelry,Rings,Wedding Band
Jewelry,Rings,Two-finger
Jewelry,Rings,Cocktail
Jewelry,Rings,Engagement
Jewelry,Rings,Triple
Jewelry,Rings,Open-Ring
Jewelry,Rings,Nail
Jewelry,Rings,Claddagh
Jewelry,Rings,Antique
Jewelry,Rings,Cluster
Jewelry,Rings,Beaded Ring
Jewelry,Rings,Nugget
Jewelry,Rings,Spinner
Jewelry,Rings,Stack
Jewelry,Rings,Graphic
Jewelry,Rings,Signet
Jewelry,Rings,Thumb
Jewelry,Rings,Crossover
Jewelry,Rings,Wrap
Jewelry,Rings,Bypass
Jewelry,Rings,Chain Ring
Jewelry,Rings,Charm Ring
Jewelry,Rings,Solitaire
Jewelry,Rings,College
